Title,Url,Date
Student Interview: Pair Programming And Company Projects,/blog/student-interview-pair-programming-and-company-projects,2019-09-03
Getting Acquainted With A Production Code Base,/blog/getting-up-to-speed-on-a-production-code-base,2019-06-18
"Staff Spotlight - Zach DeRossette, Career Coach",/blog/staff-spotlight-zach-derossette,2019-05-22
Student Interview: Lena Ryoo on Company Projects,/blog/student-interview-lena-ryoo,2019-05-15
Debugging Like a Scientist,/blog/debugging-like-a-scientist,2019-04-29
The Benefits of Code Reviews,/blog/benefits-of-code-reviews,2019-03-29
Three More JavaScript Mistakes That Beginners Make,/blog/three-more-js-mistakes-that-beginners-make,2019-03-07
Alumni Spotlight: Miranda Howitt,/blog/alumni-spotlight-miranda,2019-02-12
Alumni Spotlight: Kristen Lingwood,/blog/alumni-spotlight-kristen,2019-02-06
Alumni Spotlight: Tyler Ketron,/blog/alumni-spotlight-tyler,2019-01-30
